Книга,Глава,Синодальный,НРП,Юбилейный
Бытие,18,32,33,33
Бытие,24,64,67,67
Исход,6,29,30,30
Исход,28,42,43,43
Исход,33,22,23,23
Левит,14,57,56,56
Числа,12,16,15,15
Числа,13,33,34,34
Числа,24,24,25,25
Числа,29,40,39,39
Числа,30,16,17,17
Второзаконие,1,45,46,46
Второзаконие,5,32,33,33
Второзаконие,6,23,25,25
Второзаконие,7,25,26,26
Второзаконие,8,19,20,20
Второзаконие,9,27,29,29
Второзаконие,12,30,32,32
Второзаконие,13,15,18,18
Второзаконие,15,21,23,23
Второзаконие,17,18,20,20
Второзаконие,18,21,22,22
Второзаконие,21,22,23,23
Второзаконие,22,28,30,30
Второзаконие,25,16,19,19
Второзаконие,28,66,68,68
Второзаконие,29,28,29,29
Второзаконие,30,18,20,20
Второзаконие,31,28,30,30
Второзаконие,33,28,29,29
Второзаконие,34,11,12,12
Иисус Навин,4,20,24,24
Иисус Навин,5,14,16,16
Иисус Навин,7,25,26,26
Иисус Навин,8,34,35,35
Иисус Навин,9,25,27,27
Иисус Навин,10,40,43,43
Иисус Навин,14,14,15,15
Иисус Навин,22,32,34,34
Иисус Навин,24,32,33,33
Судьи,2,22,23,23
Судьи,4,23,24,24
Судьи,6,38,40,40
Судьи,7,22,25,25
Судьи,9,56,57,57
Судьи,11,39,40,40
Судьи,12,13,15,15
Судьи,13,24,25,25
Судьи,15,18,20,20
Судьи,16,30,31,31
Судьи,20,47,48,48
Руфь,1,21,22,22
Руфь,2,22,23,23
Руфь,4,21,22,22
1 Царств,2,34,36,36
1 Царств,4,21,22,22
1 Царств,9,25,27,27
1 Царств,10,24,27,27
1 Царств,11,14,15,15
1 Царств,12,23,25,25
1 Царств,13,22,23,23
1 Царств,14,48,52,52
1 Царств,15,34,35,35
1 Царств,16,22,23,23
1 Царств,19,23,24,24
1 Царств,20,35,43,43
1 Царств,21,13,15,15
1 Царств,23,29,28,28
1 Царств,24,18,23,23
1 Царств,25,43,44,44
1 Царств,26,24,25,25
1 Царств,27,11,12,12
1 Царств,29,9,11,11
1 Царств,30,30,31,31
2 Царств,3,38,39,39
2 Царств,4,11,12,12
2 Царств,5,23,25,25
2 Царств,6,21,23,23
2 Царств,7,26,29,29
2 Царств,11,25,27,27
2 Царств,12,30,31,31
2 Царств,13,38,39,39
2 Царств,14,32,33,33
2 Царств,15,35,37,37
2 Царств,17,28,29,29
2 Царств,18,31,33,33
2 Царств,19,42,43,43
2 Царств,20,25,26,26
3 Царств,1,49,53,53
3 Царств,2,43,46,46
3 Царств,5,17,18,18
3 Царств,8,61,66,66
3 Царств,9,25,28,28
3 Царств,11,42,43,43
3 Царств,12,30,33,33
3 Царств,13,30,34,34
3 Царств,18,42,46,46
3 Царств,20,39,43,43
3 Царств,21,26,29,29
3 Царств,22,52,53,53
4 Царств,4,40,44,44
4 Царств,5,25,27,27
4 Царств,6,31,33,33
4 Царств,7,17,20,20
4 Царств,8,27,29,29
4 Царств,9,34,37,37
4 Царств,11,20,21,21
4 Царств,14,27,29,29
4 Царств,17,40,41,41
4 Царств,18,32,37,37
4 Царств,19,34,37,37
4 Царств,20,20,21,21
4 Царств,21,24,26,26
4 Царств,23,35,37,37
1 Паралипоменон,11,46,47,47
1 Паралипоменон,13,13,14,14
1 Паралипоменон,16,41,43,43
1 Паралипоменон,22,18,19,19
2 Паралипоменон,6,40,42,42
Ездра,3,12,13,13
Ездра,6,21,22,22
Иов,7,20,21,21
Иов,8,21,22,22
Иов,39,30,35,35
Иов,40,24,27,27
Иов,41,34,26,26
Псалтирь,2,10,12,12
Псалтирь,3,7,9,9
Псалтирь,4,7,9,9
Псалтирь,5,12,13,13
Псалтирь,6,10,11,11
Псалтирь,7,17,18,18
Псалтирь,8,9,10,10
Псалтирь,9,20,39,39
Псалтирь,10,14,7,7
Псалтирь,11,6,9,9
Псалтирь,12,7,6,6
Псалтирь,13,5,7,7
Псалтирь,15,5,11,11
Псалтирь,16,11,15,15
Псалтирь,17,15,51,51
Псалтирь,18,50,15,15
Псалтирь,19,14,10,10
Псалтирь,20,9,14,14
Псалтирь,21,13,32,32
Псалтирь,22,30,6,6
Псалтирь,23,6,10,10
Псалтирь,24,10,22,22
Псалтирь,25,22,12,12
Псалтирь,26,12,14,14
Псалтирь,27,13,9,9
Псалтирь,28,9,11,11
Псалтирь,29,11,13,13
Псалтирь,30,10,25,25
Псалтирь,31,23,11,11
Псалтирь,32,8,22,22
Псалтирь,33,22,23,23
Псалтирь,34,22,28,28
Псалтирь,35,23,13,13
Псалтирь,36,12,40,40
Псалтирь,37,40,23,23
Псалтирь,38,22,14,14
Псалтирь,39,13,18,18
Псалтирь,40,15,14,14
Псалтирь,41,11,12,12
Псалтирь,42,9,5,5
Псалтирь,43,5,27,27
Псалтирь,44,26,18,18
Псалтирь,45,17,12,12
Псалтирь,46,11,10,10
Псалтирь,47,9,15,15
Псалтирь,48,14,21,21
Псалтирь,49,19,23,23
Псалтирь,50,20,21,21
Псалтирь,51,19,11,11
Псалтирь,52,8,7,7
Псалтирь,53,5,9,9
Псалтирь,54,6,24,24
Псалтирь,55,22,14,14
Псалтирь,56,13,12,12
Псалтирь,57,11,12,12
Псалтирь,58,10,18,18
Псалтирь,59,16,14,14
Псалтирь,60,11,9,9
Псалтирь,61,8,13,13
Псалтирь,64,10,14,14
Псалтирь,65,13,20,20
Псалтирь,66,20,8,8
Псалтирь,67,7,36,36
Псалтирь,68,33,37,37
Псалтирь,69,36,6,6
Псалтирь,70,3,24,24
Псалтирь,71,23,20,21
Псалтирь,72,20,28,29
Псалтирь,73,26,23,23
Псалтирь,74,22,11,11
Псалтирь,75,7,13,13
Псалтирь,76,12,21,21
Псалтирь,77,19,72,72
Псалтирь,78,70,13,14
Псалтирь,79,12,20,20
Псалтирь,80,19,17,17
Псалтирь,81,15,8,9
Псалтирь,82,8,19,19
Псалтирь,83,16,13,13
Псалтирь,84,12,14,14
Псалтирь,85,13,17,17
Псалтирь,86,17,7,7
Псалтирь,87,4,19,19
Псалтирь,88,18,53,53
Псалтирь,89,50,17,17
Псалтирь,91,13,16,16
Псалтирь,92,15,5,5
Псалтирь,93,5,23,23
Псалтирь,94,21,11,11
Псалтирь,95,10,13,13
Псалтирь,96,13,12,12
Псалтирь,97,12,9,10
Псалтирь,99,9,5,6
Псалтирь,100,5,8,8
Псалтирь,101,7,29,29
Псалтирь,102,28,22,22
Псалтирь,103,22,35,35
Псалтирь,104,35,45,45
Псалтирь,105,43,48,48
Псалтирь,106,48,43,43
Псалтирь,107,43,14,14
Псалтирь,108,12,31,31
Псалтирь,109,31,7,7
Псалтирь,110,7,10,10
Псалтирь,112,10,9,9
Псалтирь,113,9,26,26
Псалтирь,114,8,9,8
Псалтирь,115,17,10,10
Псалтирь,116,19,2,2
Псалтирь,117,2,29,29
Псалтирь,118,29,176,176
Псалтирь,119,176,7,7
Псалтирь,120,7,8,8
Псалтирь,121,8,9,10
Псалтирь,122,7,4,5
Псалтирь,123,4,8,9
Псалтирь,124,8,5,5
Псалтирь,125,5,6,7
Псалтирь,127,5,6,6
Псалтирь,128,6,8,8
Псалтирь,129,7,8,8
Псалтирь,130,8,3,3
Псалтирь,131,3,18,18
Псалтирь,132,15,3,3
Псалтирь,133,3,3,4
Псалтирь,134,3,21,22
Псалтирь,135,21,26,26
Псалтирь,136,26,9,9
Псалтирь,137,7,8,8
Псалтирь,138,8,24,25
Псалтирь,139,23,14,14
Псалтирь,140,13,10,10
Псалтирь,141,10,7,7
Псалтирь,142,7,12,12
Псалтирь,143,12,15,15
Псалтирь,144,15,21,21
Псалтирь,145,21,10,10
Псалтирь,146,10,11,11
Псалтирь,147,20,9,9
Псалтирь,149,9,9,10
Притчи,1,31,33,33
Притчи,3,34,35,35
Притчи,5,22,23,23
Притчи,7,25,27,27
Притчи,8,35,36,36
Притчи,9,14,18,18
Притчи,20,27,30,30
Притчи,22,28,29,29
Притчи,23,33,35,35
Притчи,24,30,34,34
Притчи,25,27,28,28
Притчи,26,26,28,28
Притчи,28,27,28,28
Притчи,30,29,33,33
Притчи,31,30,31,31
Екклесиаст,1,17,18,18
Екклесиаст,2,23,26,26
Екклесиаст,3,21,22,22
Екклесиаст,4,15,17,17
Екклесиаст,7,27,29,29
Екклесиаст,8,16,17,17
Екклесиаст,12,13,14,14
Песня Песней,1,17,16,16
Песня Песней,3,10,11,11
Песня Песней,5,14,16,16
Песня Песней,6,11,12,12
Песня Песней,7,13,14,14
Исаия,1,30,31,31
Исаия,3,26,25,25
Исаия,4,5,6,6
Исаия,5,29,30,30
Исаия,8,21,22,22
Исаия,10,32,34,34
Исаия,14,29,32,32
Исаия,16,12,14,14
Исаия,19,24,25,25
Исаия,21,16,17,17
Исаия,22,24,25,25
Исаия,23,16,18,18
Исаия,24,22,23,23
Исаия,28,26,29,29
Исаия,29,20,24,24
Исаия,30,29,33,33
Исаия,33,21,24,24
Исаия,36,19,22,22
Исаия,37,35,38,38
Исаия,38,20,22,22
Исаия,40,30,31,31
Исаия,41,22,29,29
Исаия,42,23,25,25
Исаия,43,25,28,28
Исаия,44,20,28,28
Исаия,45,22,25,25
Исаия,47,12,15,15
Исаия,48,19,22,22
Исаия,49,23,26,26
Исаия,51,21,23,23
Исаия,52,13,15,15
Исаия,56,11,12,12
Исаия,57,20,21,21
Исаия,58,12,14,14
Исаия,62,11,12,12
Исаия,63,15,19,19
Исаия,65,22,25,25
Исаия,66,23,24,24
Иеремия,1,18,19,19
Иеремия,2,29,37,37
Иеремия,3,21,25,25
Иеремия,4,27,31,31
Иеремия,5,27,31,31
Иеремия,6,27,30,30
Иеремия,7,31,34,34
Иеремия,8,18,22,22
Иеремия,9,25,26,26
Иеремия,10,24,25,25
Иеремия,11,19,23,23
Иеремия,12,15,17,17
Иеремия,13,25,27,27
Иеремия,14,20,22,22
Иеремия,15,19,21,21
Иеремия,16,17,21,21
Иеремия,17,25,27,27
Иеремия,18,21,23,23
Иеремия,20,14,18,18
Иеремия,21,12,14,14
Иеремия,22,24,30,30
Иеремия,23,28,40,40
Иеремия,25,37,38,38
Иеремия,26,19,24,24
Иеремия,27,19,22,22
Иеремия,29,29,32,32
Иеремия,30,23,24,24
Иеремия,31,33,40,40
Иеремия,32,38,44,44
Иеремия,33,22,26,26
Иеремия,34,20,22,22
Иеремия,35,16,19,19
Иеремия,36,31,32,32
Иеремия,37,19,21,21
Иеремия,38,25,28,28
Иеремия,42,18,22,22
Иеремия,43,12,13,13
Иеремия,44,27,30,30
Иеремия,45,4,5,5
Иеремия,46,24,28,28
Иеремия,48,42,47,47
Иеремия,49,37,39,39
Иеремия,50,43,46,46
Иеремия,51,62,64,64
Плач Иеремии,1,20,22,22
Плач Иеремии,2,18,22,22
Плач Иеремии,3,62,66,66
Плач Иеремии,4,19,22,22
Иезекииль,2,8,10,10
Иезекииль,3,23,27,27
Иезекииль,8,17,18,18
Иезекииль,9,10,11,11
Иезекииль,10,20,22,22
Иезекииль,11,23,25,25
Иезекииль,12,25,28,28
Иезекииль,13,19,23,23
Иезекииль,14,22,23,23
Иезекииль,16,61,63,63
Иезекииль,18,28,32,32
Иезекииль,20,46,49,49
Иезекииль,21,30,32,32
Иезекииль,22,30,31,31
Иезекииль,25,15,17,17
Иезекииль,26,20,21,21
Иезекииль,27,34,36,36
Иезекииль,28,24,26,26
Иезекииль,29,19,21,21
Иезекииль,33,25,33,33
Иезекииль,35,13,15,15
Иезекииль,36,34,38,38
Иезекииль,37,24,28,28
Иезекииль,38,21,23,23
Иезекииль,40,47,49,49
Иезекииль,41,24,26,26
Иезекииль,42,19,20,20
Иезекииль,46,22,24,24
Иезекииль,47,22,23,23
Иезекииль,48,34,35,35
Даниил,2,48,49,49
Даниил,3,30,33,33
Даниил,4,33,34,34
Даниил,6,27,28,28
Даниил,7,26,28,28
Даниил,8,22,27,27
Даниил,9,25,27,27
Даниил,10,17,21,21
Даниил,12,9,13,13
Осия,1,10,11,11
Осия,2,17,23,23
Осия,4,18,19,19
Осия,5,14,15,15
Осия,6,10,11,11
Осия,7,15,16,16
Осия,8,13,14,14
Осия,10,13,15,15
Осия,12,13,14,14
Осия,13,14,15,15
Осия,14,7,10,10
Иоиль,2,31,32,32
Иоиль,3,20,21,21
Амос,2,15,16,16
Амос,4,12,13,13
Амос,5,26,27,27
Амос,6,13,14,14
Амос,7,12,17,17
Амос,8,12,14,14
Амос,9,14,15,15
Авдий,1,19,21,21
Иона,1,17,16,16
Иона,2,10,11,11
Иона,3,9,10,10
Михей,2,11,13,13
Михей,3,11,12,12
Михей,4,12,13,13
Михей,6,15,16,16
Михей,7,19,20,20
Наум,2,12,13,13
Наум,3,18,19,19
Аввакум,2,17,20,20
Софония,1,17,18,18
Софония,2,14,15,15
Софония,3,18,20,20
Аггей,1,14,15,15
Захария,1,19,21,21
Захария,4,13,14,14
Захария,7,13,14,14
Захария,11,15,17,17
Захария,13,8,9,9
Захария,14,20,21,21
Малахия,1,7,14,14
Малахия,2,15,17,17
Малахия,3,13,18,18
Матфея,3,16,17,17
Матфея,5,47,48,48
Матфея,7,27,29,29
Матфея,17,26,27,27
Матфея,24,49,51,51
Матфея,27,65,66,66
Марка,3,34,35,35
Марка,5,42,43,43
Марка,7,36,37,37
Иоанна,8,58,59,59
Иоанна,16,32,33,33
Деяния,9,42,43,43
Деяния,11,29,30,30
Деяния,15,40,41,41
Деяния,17,31,34,34
Деяния,19,41,40,40
Деяния,20,37,38,38
Деяния,23,34,35,35
Деяния,26,31,32,32
Деяния,27,43,44,44
Римлянам,2,28,29,29
Римлянам,4,24,25,25
Римлянам,8,38,39,39
Римлянам,9,31,33,33
Римлянам,11,35,36,36
Римлянам,14,23,23,26
Римлянам,16,27,27,24
1 Коринфянам,1,30,31,31
1 Коринфянам,3,22,23,23
1 Коринфянам,14,39,40,40
2 Коринфянам,1,20,24,24
2 Коринфянам,9,14,15,15
2 Коринфянам,11,33,32,32
2 Коринфянам,12,20,21,21
2 Коринфянам,13,14,13,13
Галатам,4,30,31,31
Ефесянам,4,31,32,32
Ефесянам,5,32,33,33
Колоссянам,2,22,23,23
1 Фессалоникийцам,5,27,28,28
2 Тимофею,2,25,26,26
Титу,1,15,16,16
Евреям,3,17,19,19
Евреям,4,13,16,16
Евреям,8,12,13,13
Евреям,9,26,28,28
Евреям,10,37,39,39
Евреям,12,27,29,29
Иакова,2,23,26,26
Иакова,4,14,17,17
Иакова,5,19,20,20
1 Иоанна,2,28,29,29
1 Иоанна,4,20,21,21
3 Иоанна,1,14,15,15
Иуды,1,23,25,25
Откровение,3,21,22,22
Откровение,6,16,17,17
Откровение,8,12,13,13
Откровение,18,23,24,24
Откровение,19,19,21,21
